SampleID	Group	Date	Site	Sequencing	Platform	Species	Batch	BarcodeSequence	LinkerPrimerSequence	ReversePrimer
SRR11232100	Health	2017-6-30	Beijing	BGI	HiSeq2500	Arabidopsis	1	"TCGTCGGCAGCGTCAGATGTGTATAAGAGACAG,GTCTCGTGGGCTCGGAGATGTGTATAAGAGACAG"	CTTGGTCATTTAGAGGAAGTAA	GCTGCGTTCTTCATCGATGC
SRR11232101	Health	2017-6-30	Beijing	BGI	HiSeq2500	Arabidopsis	1	"TCGTCGGCAGCGTCAGATGTGTATAAGAGACAG,GTCTCGTGGGCTCGGAGATGTGTATAAGAGACAG"	CTTGGTCATTTAGAGGAAGTAA	GCTGCGTTCTTCATCGATGC
SRR11232102	Health	2017-7-2	Sanya	BGI	HiSeq2500	Arabidopsis	1	"TCGTCGGCAGCGTCAGATGTGTATAAGAGACAG,GTCTCGTGGGCTCGGAGATGTGTATAAGAGACAG"	CTTGGTCATTTAGAGGAAGTAA	GCTGCGTTCTTCATCGATGC
SRR11232103	Health	2017-6-30	Beijing	BGI	HiSeq2500	Arabidopsis	1	"TCGTCGGCAGCGTCAGATGTGTATAAGAGACAG,GTCTCGTGGGCTCGGAGATGTGTATAAGAGACAG"	CTTGGTCATTTAGAGGAAGTAA	GCTGCGTTCTTCATCGATGC
SRR11232104	Health	2017-7-2	Sanya	BGI	HiSeq2500	Arabidopsis	1	"TCGTCGGCAGCGTCAGATGTGTATAAGAGACAG,GTCTCGTGGGCTCGGAGATGTGTATAAGAGACAG"	CTTGGTCATTTAGAGGAAGTAA	GCTGCGTTCTTCATCGATGC
SRR11232105	Health	2017-6-30	Beijing	BGI	HiSeq2500	Arabidopsis	1	"TCGTCGGCAGCGTCAGATGTGTATAAGAGACAG,GTCTCGTGGGCTCGGAGATGTGTATAAGAGACAG"	CTTGGTCATTTAGAGGAAGTAA	GCTGCGTTCTTCATCGATGC
SRR11232106	Health	2017-6-30	Beijing	BGI	HiSeq2500	Arabidopsis	1	"TCGTCGGCAGCGTCAGATGTGTATAAGAGACAG,GTCTCGTGGGCTCGGAGATGTGTATAAGAGACAG"	CTTGGTCATTTAGAGGAAGTAA	GCTGCGTTCTTCATCGATGC
SRR11232108	Health	2017-6-30	Beijing	BGI	HiSeq2500	Arabidopsis	1	"TCGTCGGCAGCGTCAGATGTGTATAAGAGACAG,GTCTCGTGGGCTCGGAGATGTGTATAAGAGACAG"	CTTGGTCATTTAGAGGAAGTAA	GCTGCGTTCTTCATCGATGC
SRR11232109	Health	2017-7-2	Sanya	BGI	HiSeq2500	Arabidopsis	1	"TCGTCGGCAGCGTCAGATGTGTATAAGAGACAG,GTCTCGTGGGCTCGGAGATGTGTATAAGAGACAG"	CTTGGTCATTTAGAGGAAGTAA	GCTGCGTTCTTCATCGATGC
SRR11232110	Health	2017-6-30	Beijing	BGI	HiSeq2500	Arabidopsis	1	"TCGTCGGCAGCGTCAGATGTGTATAAGAGACAG,GTCTCGTGGGCTCGGAGATGTGTATAAGAGACAG"	CTTGGTCATTTAGAGGAAGTAA	GCTGCGTTCTTCATCGATGC
SRR11232111	Health	2017-6-30	Beijing	BGI	HiSeq2500	Arabidopsis	1	"TCGTCGGCAGCGTCAGATGTGTATAAGAGACAG,GTCTCGTGGGCTCGGAGATGTGTATAAGAGACAG"	CTTGGTCATTTAGAGGAAGTAA	GCTGCGTTCTTCATCGATGC
SRR11232112	Health	2017-7-2	Sanya	BGI	HiSeq2500	Arabidopsis	1	"TCGTCGGCAGCGTCAGATGTGTATAAGAGACAG,GTCTCGTGGGCTCGGAGATGTGTATAAGAGACAG"	CTTGGTCATTTAGAGGAAGTAA	GCTGCGTTCTTCATCGATGC
SRR11232113	Health	2017-6-30	Beijing	BGI	HiSeq2500	Arabidopsis	1	"TCGTCGGCAGCGTCAGATGTGTATAAGAGACAG,GTCTCGTGGGCTCGGAGATGTGTATAAGAGACAG"	CTTGGTCATTTAGAGGAAGTAA	GCTGCGTTCTTCATCGATGC
SRR11232114	Health	2017-7-2	Sanya	BGI	HiSeq2500	Arabidopsis	1	"TCGTCGGCAGCGTCAGATGTGTATAAGAGACAG,GTCTCGTGGGCTCGGAGATGTGTATAAGAGACAG"	CTTGGTCATTTAGAGGAAGTAA	GCTGCGTTCTTCATCGATGC
SRR11232115	Health	2017-6-30	Beijing	BGI	HiSeq2500	Arabidopsis	1	"TCGTCGGCAGCGTCAGATGTGTATAAGAGACAG,GTCTCGTGGGCTCGGAGATGTGTATAAGAGACAG"	CTTGGTCATTTAGAGGAAGTAA	GCTGCGTTCTTCATCGATGC
SRR11232116	UC	2017-6-30	Beijing	BGI	HiSeq2500	Arabidopsis	1	"TCGTCGGCAGCGTCAGATGTGTATAAGAGACAG,GTCTCGTGGGCTCGGAGATGTGTATAAGAGACAG"	CTTGGTCATTTAGAGGAAGTAA	GCTGCGTTCTTCATCGATGC
SRR11232117	Health	2017-7-2	Sanya	BGI	HiSeq2500	Arabidopsis	1	"TCGTCGGCAGCGTCAGATGTGTATAAGAGACAG,GTCTCGTGGGCTCGGAGATGTGTATAAGAGACAG"	CTTGGTCATTTAGAGGAAGTAA	GCTGCGTTCTTCATCGATGC
SRR11232118	Health	2017-6-30	Beijing	BGI	HiSeq2500	Arabidopsis	1	"TCGTCGGCAGCGTCAGATGTGTATAAGAGACAG,GTCTCGTGGGCTCGGAGATGTGTATAAGAGACAG"	CTTGGTCATTTAGAGGAAGTAA	GCTGCGTTCTTCATCGATGC
SRR11232119	Health	2017-7-2	Sanya	BGI	HiSeq2500	Arabidopsis	1	"TCGTCGGCAGCGTCAGATGTGTATAAGAGACAG,GTCTCGTGGGCTCGGAGATGTGTATAAGAGACAG"	CTTGGTCATTTAGAGGAAGTAA	GCTGCGTTCTTCATCGATGC
SRR11232120	UC	2017-6-30	Beijing	BGI	HiSeq2500	Arabidopsis	1	"TCGTCGGCAGCGTCAGATGTGTATAAGAGACAG,GTCTCGTGGGCTCGGAGATGTGTATAAGAGACAG"	CTTGGTCATTTAGAGGAAGTAA	GCTGCGTTCTTCATCGATGC
SRR11232121	UC	2017-6-30	Beijing	BGI	HiSeq2500	Arabidopsis	1	"TCGTCGGCAGCGTCAGATGTGTATAAGAGACAG,GTCTCGTGGGCTCGGAGATGTGTATAAGAGACAG"	CTTGGTCATTTAGAGGAAGTAA	GCTGCGTTCTTCATCGATGC
SRR11232122	Health	2017-7-2	Sanya	BGI	HiSeq2500	Arabidopsis	1	"TCGTCGGCAGCGTCAGATGTGTATAAGAGACAG,GTCTCGTGGGCTCGGAGATGTGTATAAGAGACAG"	CTTGGTCATTTAGAGGAAGTAA	GCTGCGTTCTTCATCGATGC
SRR11232123	Health	2017-6-30	Beijing	BGI	HiSeq2500	Arabidopsis	1	"TCGTCGGCAGCGTCAGATGTGTATAAGAGACAG,GTCTCGTGGGCTCGGAGATGTGTATAAGAGACAG"	CTTGGTCATTTAGAGGAAGTAA	GCTGCGTTCTTCATCGATGC
SRR11232124	UC	2017-7-2	Sanya	BGI	HiSeq2500	Arabidopsis	1	"TCGTCGGCAGCGTCAGATGTGTATAAGAGACAG,GTCTCGTGGGCTCGGAGATGTGTATAAGAGACAG"	CTTGGTCATTTAGAGGAAGTAA	GCTGCGTTCTTCATCGATGC
SRR11232125	UC	2017-6-30	Beijing	BGI	HiSeq2500	Arabidopsis	1	"TCGTCGGCAGCGTCAGATGTGTATAAGAGACAG,GTCTCGTGGGCTCGGAGATGTGTATAAGAGACAG"	CTTGGTCATTTAGAGGAAGTAA	GCTGCGTTCTTCATCGATGC
SRR11232126	Health	2017-6-30	Beijing	BGI	HiSeq2500	Arabidopsis	1	"TCGTCGGCAGCGTCAGATGTGTATAAGAGACAG,GTCTCGTGGGCTCGGAGATGTGTATAAGAGACAG"	CTTGGTCATTTAGAGGAAGTAA	GCTGCGTTCTTCATCGATGC
SRR11232127	Health	2017-7-2	Sanya	BGI	HiSeq2500	Arabidopsis	1	"TCGTCGGCAGCGTCAGATGTGTATAAGAGACAG,GTCTCGTGGGCTCGGAGATGTGTATAAGAGACAG"	CTTGGTCATTTAGAGGAAGTAA	GCTGCGTTCTTCATCGATGC
SRR11232128	UC	2017-6-30	Beijing	BGI	HiSeq2500	Arabidopsis	1	"TCGTCGGCAGCGTCAGATGTGTATAAGAGACAG,GTCTCGTGGGCTCGGAGATGTGTATAAGAGACAG"	CTTGGTCATTTAGAGGAAGTAA	GCTGCGTTCTTCATCGATGC
SRR11232129	UC	2017-7-2	Sanya	BGI	HiSeq2500	Arabidopsis	1	"TCGTCGGCAGCGTCAGATGTGTATAAGAGACAG,GTCTCGTGGGCTCGGAGATGTGTATAAGAGACAG"	CTTGGTCATTTAGAGGAAGTAA	GCTGCGTTCTTCATCGATGC
SRR11232130	Health	2017-6-30	Beijing	BGI	HiSeq2500	Arabidopsis	1	"TCGTCGGCAGCGTCAGATGTGTATAAGAGACAG,GTCTCGTGGGCTCGGAGATGTGTATAAGAGACAG"	CTTGGTCATTTAGAGGAAGTAA	GCTGCGTTCTTCATCGATGC
SRR11232131	UC	2017-6-30	Beijing	BGI	HiSeq2500	Arabidopsis	1	"TCGTCGGCAGCGTCAGATGTGTATAAGAGACAG,GTCTCGTGGGCTCGGAGATGTGTATAAGAGACAG"	CTTGGTCATTTAGAGGAAGTAA	GCTGCGTTCTTCATCGATGC
SRR11232132	Health	2017-7-2	Sanya	BGI	HiSeq2500	Arabidopsis	1	"TCGTCGGCAGCGTCAGATGTGTATAAGAGACAG,GTCTCGTGGGCTCGGAGATGTGTATAAGAGACAG"	CTTGGTCATTTAGAGGAAGTAA	GCTGCGTTCTTCATCGATGC
SRR11232133	UC	2017-6-30	Beijing	BGI	HiSeq2500	Arabidopsis	1	"TCGTCGGCAGCGTCAGATGTGTATAAGAGACAG,GTCTCGTGGGCTCGGAGATGTGTATAAGAGACAG"	CTTGGTCATTTAGAGGAAGTAA	GCTGCGTTCTTCATCGATGC
SRR11232134	Health	2017-7-2	Sanya	BGI	HiSeq2500	Arabidopsis	1	"TCGTCGGCAGCGTCAGATGTGTATAAGAGACAG,GTCTCGTGGGCTCGGAGATGTGTATAAGAGACAG"	CTTGGTCATTTAGAGGAAGTAA	GCTGCGTTCTTCATCGATGC
SRR11232135	UC	2017-6-30	Beijing	BGI	HiSeq2500	Arabidopsis	1	"TCGTCGGCAGCGTCAGATGTGTATAAGAGACAG,GTCTCGTGGGCTCGGAGATGTGTATAAGAGACAG"	CTTGGTCATTTAGAGGAAGTAA	GCTGCGTTCTTCATCGATGC
SRR11232136	Health	2017-6-30	Beijing	BGI	HiSeq2500	Arabidopsis	1	"TCGTCGGCAGCGTCAGATGTGTATAAGAGACAG,GTCTCGTGGGCTCGGAGATGTGTATAAGAGACAG"	CTTGGTCATTTAGAGGAAGTAA	GCTGCGTTCTTCATCGATGC
SRR11232137	Health	2017-7-2	Sanya	BGI	HiSeq2500	Arabidopsis	1	"TCGTCGGCAGCGTCAGATGTGTATAAGAGACAG,GTCTCGTGGGCTCGGAGATGTGTATAAGAGACAG"	CTTGGTCATTTAGAGGAAGTAA	GCTGCGTTCTTCATCGATGC
SRR11232138	UC	2017-6-30	Beijing	BGI	HiSeq2500	Arabidopsis	1	"TCGTCGGCAGCGTCAGATGTGTATAAGAGACAG,GTCTCGTGGGCTCGGAGATGTGTATAAGAGACAG"	CTTGGTCATTTAGAGGAAGTAA	GCTGCGTTCTTCATCGATGC
SRR11232139	UC	2017-7-2	Sanya	BGI	HiSeq2500	Arabidopsis	1	"TCGTCGGCAGCGTCAGATGTGTATAAGAGACAG,GTCTCGTGGGCTCGGAGATGTGTATAAGAGACAG"	CTTGGTCATTTAGAGGAAGTAA	GCTGCGTTCTTCATCGATGC
SRR11232140	UC	2017-6-30	Beijing	BGI	HiSeq2500	Arabidopsis	1	"TCGTCGGCAGCGTCAGATGTGTATAAGAGACAG,GTCTCGTGGGCTCGGAGATGTGTATAAGAGACAG"	CTTGGTCATTTAGAGGAAGTAA	GCTGCGTTCTTCATCGATGC
SRR11232141	UC	2017-6-30	Beijing	BGI	HiSeq2500	Arabidopsis	1	"TCGTCGGCAGCGTCAGATGTGTATAAGAGACAG,GTCTCGTGGGCTCGGAGATGTGTATAAGAGACAG"	CTTGGTCATTTAGAGGAAGTAA	GCTGCGTTCTTCATCGATGC
SRR11232142	UC	2017-7-2	Sanya	BGI	HiSeq2500	Arabidopsis	1	"TCGTCGGCAGCGTCAGATGTGTATAAGAGACAG,GTCTCGTGGGCTCGGAGATGTGTATAAGAGACAG"	CTTGGTCATTTAGAGGAAGTAA	GCTGCGTTCTTCATCGATGC
SRR11232143	UC	2017-6-30	Beijing	BGI	HiSeq2500	Arabidopsis	1	"TCGTCGGCAGCGTCAGATGTGTATAAGAGACAG,GTCTCGTGGGCTCGGAGATGTGTATAAGAGACAG"	CTTGGTCATTTAGAGGAAGTAA	GCTGCGTTCTTCATCGATGC
SRR11232144	UC	2017-7-2	Sanya	BGI	HiSeq2500	Arabidopsis	1	"TCGTCGGCAGCGTCAGATGTGTATAAGAGACAG,GTCTCGTGGGCTCGGAGATGTGTATAAGAGACAG"	CTTGGTCATTTAGAGGAAGTAA	GCTGCGTTCTTCATCGATGC
SRR11232145	Health	2017-6-30	Beijing	BGI	HiSeq2500	Arabidopsis	1	"TCGTCGGCAGCGTCAGATGTGTATAAGAGACAG,GTCTCGTGGGCTCGGAGATGTGTATAAGAGACAG"	CTTGGTCATTTAGAGGAAGTAA	GCTGCGTTCTTCATCGATGC
SRR11232146	UC	2017-6-30	Beijing	BGI	HiSeq2500	Arabidopsis	1	"TCGTCGGCAGCGTCAGATGTGTATAAGAGACAG,GTCTCGTGGGCTCGGAGATGTGTATAAGAGACAG"	CTTGGTCATTTAGAGGAAGTAA	GCTGCGTTCTTCATCGATGC
SRR11232147	UC	2017-7-2	Sanya	BGI	HiSeq2500	Arabidopsis	1	"TCGTCGGCAGCGTCAGATGTGTATAAGAGACAG,GTCTCGTGGGCTCGGAGATGTGTATAAGAGACAG"	CTTGGTCATTTAGAGGAAGTAA	GCTGCGTTCTTCATCGATGC
SRR11232148	Health	2017-6-30	Beijing	BGI	HiSeq2500	Arabidopsis	1	"TCGTCGGCAGCGTCAGATGTGTATAAGAGACAG,GTCTCGTGGGCTCGGAGATGTGTATAAGAGACAG"	CTTGGTCATTTAGAGGAAGTAA	GCTGCGTTCTTCATCGATGC
SRR11232149	Health	2017-7-2	Sanya	BGI	HiSeq2500	Arabidopsis	1	"TCGTCGGCAGCGTCAGATGTGTATAAGAGACAG,GTCTCGTGGGCTCGGAGATGTGTATAAGAGACAG"	CTTGGTCATTTAGAGGAAGTAA	GCTGCGTTCTTCATCGATGC
SRR11232150	Health	2017-6-30	Beijing	BGI	HiSeq2500	Arabidopsis	1	"TCGTCGGCAGCGTCAGATGTGTATAAGAGACAG,GTCTCGTGGGCTCGGAGATGTGTATAAGAGACAG"	CTTGGTCATTTAGAGGAAGTAA	GCTGCGTTCTTCATCGATGC
SRR11232151	Health	2017-6-30	Beijing	BGI	HiSeq2500	Arabidopsis	1	"TCGTCGGCAGCGTCAGATGTGTATAAGAGACAG,GTCTCGTGGGCTCGGAGATGTGTATAAGAGACAG"	CTTGGTCATTTAGAGGAAGTAA	GCTGCGTTCTTCATCGATGC
SRR11232152	UC	2017-7-2	Sanya	BGI	HiSeq2500	Arabidopsis	1	"TCGTCGGCAGCGTCAGATGTGTATAAGAGACAG,GTCTCGTGGGCTCGGAGATGTGTATAAGAGACAG"	CTTGGTCATTTAGAGGAAGTAA	GCTGCGTTCTTCATCGATGC
SRR11232154	UC	2017-7-2	Sanya	BGI	HiSeq2500	Arabidopsis	1	"TCGTCGGCAGCGTCAGATGTGTATAAGAGACAG,GTCTCGTGGGCTCGGAGATGTGTATAAGAGACAG"	CTTGGTCATTTAGAGGAAGTAA	GCTGCGTTCTTCATCGATGC
SRR11232155	UC	2017-6-30	Beijing	BGI	HiSeq2500	Arabidopsis	1	"TCGTCGGCAGCGTCAGATGTGTATAAGAGACAG,GTCTCGTGGGCTCGGAGATGTGTATAAGAGACAG"	CTTGGTCATTTAGAGGAAGTAA	GCTGCGTTCTTCATCGATGC
SRR11232156	Health	2017-6-30	Beijing	BGI	HiSeq2500	Arabidopsis	1	"TCGTCGGCAGCGTCAGATGTGTATAAGAGACAG,GTCTCGTGGGCTCGGAGATGTGTATAAGAGACAG"	CTTGGTCATTTAGAGGAAGTAA	GCTGCGTTCTTCATCGATGC
SRR11232157	UC	2017-7-2	Sanya	BGI	HiSeq2500	Arabidopsis	1	"TCGTCGGCAGCGTCAGATGTGTATAAGAGACAG,GTCTCGTGGGCTCGGAGATGTGTATAAGAGACAG"	CTTGGTCATTTAGAGGAAGTAA	GCTGCGTTCTTCATCGATGC
SRR11232158	UC	2017-6-30	Beijing	BGI	HiSeq2500	Arabidopsis	1	"TCGTCGGCAGCGTCAGATGTGTATAAGAGACAG,GTCTCGTGGGCTCGGAGATGTGTATAAGAGACAG"	CTTGGTCATTTAGAGGAAGTAA	GCTGCGTTCTTCATCGATGC
SRR11232159	UC	2017-7-2	Sanya	BGI	HiSeq2500	Arabidopsis	1	"TCGTCGGCAGCGTCAGATGTGTATAAGAGACAG,GTCTCGTGGGCTCGGAGATGTGTATAAGAGACAG"	CTTGGTCATTTAGAGGAAGTAA	GCTGCGTTCTTCATCGATGC
SRR11232160	UC	2017-6-30	Beijing	BGI	HiSeq2500	Arabidopsis	1	"TCGTCGGCAGCGTCAGATGTGTATAAGAGACAG,GTCTCGTGGGCTCGGAGATGTGTATAAGAGACAG"	CTTGGTCATTTAGAGGAAGTAA	GCTGCGTTCTTCATCGATGC
SRR11232161	UC	2017-6-30	Beijing	BGI	HiSeq2500	Arabidopsis	1	"TCGTCGGCAGCGTCAGATGTGTATAAGAGACAG,GTCTCGTGGGCTCGGAGATGTGTATAAGAGACAG"	CTTGGTCATTTAGAGGAAGTAA	GCTGCGTTCTTCATCGATGC
SRR11232162	UC	2017-7-2	Sanya	BGI	HiSeq2500	Arabidopsis	1	"TCGTCGGCAGCGTCAGATGTGTATAAGAGACAG,GTCTCGTGGGCTCGGAGATGTGTATAAGAGACAG"	CTTGGTCATTTAGAGGAAGTAA	GCTGCGTTCTTCATCGATGC
SRR11232163	UC	2017-6-30	Beijing	BGI	HiSeq2500	Arabidopsis	1	"TCGTCGGCAGCGTCAGATGTGTATAAGAGACAG,GTCTCGTGGGCTCGGAGATGTGTATAAGAGACAG"	CTTGGTCATTTAGAGGAAGTAA	GCTGCGTTCTTCATCGATGC
SRR11232164	UC	2017-7-2	Sanya	BGI	HiSeq2500	Arabidopsis	1	"TCGTCGGCAGCGTCAGATGTGTATAAGAGACAG,GTCTCGTGGGCTCGGAGATGTGTATAAGAGACAG"	CTTGGTCATTTAGAGGAAGTAA	GCTGCGTTCTTCATCGATGC
SRR11232165	Health	2017-6-30	Beijing	BGI	HiSeq2500	Arabidopsis	1	"TCGTCGGCAGCGTCAGATGTGTATAAGAGACAG,GTCTCGTGGGCTCGGAGATGTGTATAAGAGACAG"	CTTGGTCATTTAGAGGAAGTAA	GCTGCGTTCTTCATCGATGC
SRR11232166	UC	2017-6-30	Beijing	BGI	HiSeq2500	Arabidopsis	1	"TCGTCGGCAGCGTCAGATGTGTATAAGAGACAG,GTCTCGTGGGCTCGGAGATGTGTATAAGAGACAG"	CTTGGTCATTTAGAGGAAGTAA	GCTGCGTTCTTCATCGATGC
SRR11232167	UC	2017-7-2	Sanya	BGI	HiSeq2500	Arabidopsis	1	"TCGTCGGCAGCGTCAGATGTGTATAAGAGACAG,GTCTCGTGGGCTCGGAGATGTGTATAAGAGACAG"	CTTGGTCATTTAGAGGAAGTAA	GCTGCGTTCTTCATCGATGC
SRR11232168	UC	2017-6-30	Beijing	BGI	HiSeq2500	Arabidopsis	1	"TCGTCGGCAGCGTCAGATGTGTATAAGAGACAG,GTCTCGTGGGCTCGGAGATGTGTATAAGAGACAG"	CTTGGTCATTTAGAGGAAGTAA	GCTGCGTTCTTCATCGATGC
SRR11232169	UC	2017-7-2	Sanya	BGI	HiSeq2500	Arabidopsis	1	"TCGTCGGCAGCGTCAGATGTGTATAAGAGACAG,GTCTCGTGGGCTCGGAGATGTGTATAAGAGACAG"	CTTGGTCATTTAGAGGAAGTAA	GCTGCGTTCTTCATCGATGC
SRR11232170	UC	2017-6-30	Beijing	BGI	HiSeq2500	Arabidopsis	1	"TCGTCGGCAGCGTCAGATGTGTATAAGAGACAG,GTCTCGTGGGCTCGGAGATGTGTATAAGAGACAG"	CTTGGTCATTTAGAGGAAGTAA	GCTGCGTTCTTCATCGATGC
SRR11232171	Health	2017-6-30	Beijing	BGI	HiSeq2500	Arabidopsis	1	"TCGTCGGCAGCGTCAGATGTGTATAAGAGACAG,GTCTCGTGGGCTCGGAGATGTGTATAAGAGACAG"	CTTGGTCATTTAGAGGAAGTAA	GCTGCGTTCTTCATCGATGC
SRR11232172	UC	2017-7-2	Sanya	BGI	HiSeq2500	Arabidopsis	1	"TCGTCGGCAGCGTCAGATGTGTATAAGAGACAG,GTCTCGTGGGCTCGGAGATGTGTATAAGAGACAG"	CTTGGTCATTTAGAGGAAGTAA	GCTGCGTTCTTCATCGATGC
SRR11232173	Health	2017-6-30	Beijing	BGI	HiSeq2500	Arabidopsis	1	"TCGTCGGCAGCGTCAGATGTGTATAAGAGACAG,GTCTCGTGGGCTCGGAGATGTGTATAAGAGACAG"	CTTGGTCATTTAGAGGAAGTAA	GCTGCGTTCTTCATCGATGC
SRR11232174	UC	2017-7-2	Sanya	BGI	HiSeq2500	Arabidopsis	1	"TCGTCGGCAGCGTCAGATGTGTATAAGAGACAG,GTCTCGTGGGCTCGGAGATGTGTATAAGAGACAG"	CTTGGTCATTTAGAGGAAGTAA	GCTGCGTTCTTCATCGATGC
SRR11232175	UC	2017-6-30	Beijing	BGI	HiSeq2500	Arabidopsis	1	"TCGTCGGCAGCGTCAGATGTGTATAAGAGACAG,GTCTCGTGGGCTCGGAGATGTGTATAAGAGACAG"	CTTGGTCATTTAGAGGAAGTAA	GCTGCGTTCTTCATCGATGC
SRR11232176	UC	2017-6-30	Beijing	BGI	HiSeq2500	Arabidopsis	1	"TCGTCGGCAGCGTCAGATGTGTATAAGAGACAG,GTCTCGTGGGCTCGGAGATGTGTATAAGAGACAG"	CTTGGTCATTTAGAGGAAGTAA	GCTGCGTTCTTCATCGATGC
